,"Date","Minimum temperature (°C)","Maximum temperature (°C)","Rainfall (mm)","Evaporation (mm)","Sunshine (hours)","Direction of maximum wind gust ","Speed of maximum wind gust (km/h)","Time of maximum wind gust","9am Temperature (°C)","9am relative humidity (%)","9am cloud amount (oktas)","9am wind direction","9am wind speed (km/h)","9am MSL pressure (hPa)","3pm Temperature (°C)","3pm relative humidity (%)","3pm cloud amount (oktas)","3pm wind direction","3pm wind speed (km/h)","3pm MSL pressure (hPa)"
,2020-09-1,10.4,19.6,0,5.2,9.1,SSE,31,00:20,15.0,63,3,WNW,11,1025.3,19.1,48,3,ENE,17,1021.7
,2020-09-2,9.4,24.1,0,4.6,7.3,NNW,39,13:57,13.8,72,7,W,9,1021.3,23.5,36,7,N,19,1016.0
,2020-09-3,13.8,30.5,0,6.4,9.3,NNW,59,11:01,23.8,38,1,NNW,28,1016.4,28.6,30,7,NNW,26,1012.6
,2020-09-4,18.4,20.7,0,9.0,0.0,WNW,28,21:14,20.7,53,7,W,11,1017.8,17.4,83,7,SSE,4,1014.1
,2020-09-5,12.9,22.3,6.4,0.8,9.8,W,41,10:30,16.2,69,0,W,19,1017.2,21.6,34,2,ESE,17,1016.8
,2020-09-6,10.5,21.2,0.2,4.6,9.5,ENE,28,20:32,15.5,79,2,WNW,11,1028.8,19.9,56,3,ENE,19,1027.4
,2020-09-7,11.3,22.7,0.2,4.8,10.6,NE,39,16:16,16.2,76,1,W,9,1032.0,21.1,58,0,NE,22,1029.2
,2020-09-8,11.3,23.5,0,6.4,9.6,NNE,33,17:04,16.2,73,7,W,4,1030.0,22.1,59,7,NE,17,1024.7
,2020-09-9,14.9,16.1,0,5.8,0.0,SSW,57,04:04,15.2,89,8,SSE,26,1028.3,14.2,89,8,SSW,9,1026.9
,2020-09-10,12.2,19.4,,4.4,9.1,ESE,44,09:01,16.1,62,5,ESE,22,1029.6,17.8,48,3,SE,28,1028.2
,2020-09-11,12.7,20.7,0.2,5.8,7.8,ESE,28,02:03,16.3,78,6,WNW,9,1031.9,20.3,57,2,ENE,20,1028.7
,2020-09-12,10.9,22.7,,5.2,10.7,NE,41,16:40,17.2,66,1,NNW,20,1028.1,21.8,54,1,NE,22,1023.7
,2020-09-13,11.7,25.6,0,7.4,4.7,W,50,15:45,17.1,67,7,W,13,1023.4,24.0,34,7,WNW,24,1020.4
,2020-09-14,12.1,22.1,0,1.8,10.8,ESE,30,11:36,18.8,68,1,SSW,7,1025.3,20.3,66,3,ESE,20,1023.9
,2020-09-15,14.9,22.9,0,5.0,6.4,NE,39,17:06,18.9,78,8,NE,13,1029.2,21.9,62,1,NE,22,1025.1
,2020-09-16,14.0,24.2,0,4.8,10.8,NE,41,15:30,18.8,80,0,E,6,1024.5,23.6,62,3,NE,24,1018.3
,2020-09-17,16.0,31.7,0,7.0,9.8,S,76,17:21,21.5,58,6,W,13,1022.2,30.9,31,7,NW,9,1018.6
,2020-09-18,14.7,18.2,0,6.6,0.0,S,33,00:44,16.4,84,7,S,11,1032.2,17.8,80,8,SE,7,1029.3
,2020-09-19,15.3,23.0,4.4,0.2,4.6,NE,48,23:11,17.5,96,7,WNW,6,1027.6,21.2,81,7,E,24,1022.3
,2020-09-20,16.2,23.5,2.4,5.8,4.9,NNE,43,14:51,16.2,94,8,NNE,9,1016.7,21.2,75,3,NNE,26,1011.1
,2020-09-21,15.5,29.2,7.8,2.0,9.5,N,37,10:53,23.5,70,1,N,20,1011.5,25.4,64,6,NE,26,1006.5
,2020-09-22,19.3,26.7,0,6.8,10.9,WNW,54,13:54,21.8,37,1,WSW,24,1010.4,26.4,22,1,WNW,28,1007.9
,2020-09-23,14.0,24.2,0,9.4,10.1,NW,46,14:34,20.3,39,1,W,7,1012.4,23.1,28,3,W,26,1009.3
,2020-09-24,12.3,21.9,0,6.0,10.9,W,52,10:06,17.0,41,1,WNW,26,1013.8,21.8,26,2,W,26,1010.8
,2020-09-25,12.9,24.3,0,7.8,9.1,WSW,106,16:55,19.3,40,1,N,28,1007.1,22.6,27,7,NNW,33,999.0
,2020-09-26,10.0,18.0,1.4,9.2,11.3,W,69,12:46,13.3,38,3,W,43,1009.3,17.1,31,1,W,33,1010.6
,2020-09-27,10.6,18.9,0,7.2,10.3,W,46,07:36,14.8,46,1,W,24,1021.3,16.4,47,2,SSE,28,1022.2
,2020-09-28,8.8,20.2,0,7.6,10.7,E,30,13:55,15.2,58,1,WNW,11,1028.1,19.3,53,1,E,20,1024.2
,2020-09-29,13.2,21.1,0,7.6,6.9,E,28,14:51,18.0,60,7,ENE,6,1027.8,18.8,52,1,E,19,1023.0
,2020-09-30,11.8,20.8,0,5.4,1.4,NNW,30,17:29,18.2,64,7,NNE,20,1019.8,18.6,68,8,NE,13,1013.8
,2020-08-1,6.8,20.3,0,2.8,9.8,W,24,03:55,9.2,92,1,WNW,15,1027.1,17.4,63,3,E,17,1022.9
,2020-08-2,7.2,20.1,0,2.6,8.9,W,26,08:05,10.9,81,1,WNW,22,1025.5,18.6,51,5,ESE,13,1022.6
,2020-08-3,7.5,21.8,0,3.2,6.6,W,24,06:28,9.9,93,6,WNW,19,1020.3,20.1,41,7,ESE,7,1014.7
,2020-08-4,8.8,21.5,0,3.4,8.7,W,48,16:25,13.0,64,1,NW,4,1011.8,19.9,38,7,NW,22,1007.5
,2020-08-5,6.4,18.1,0,5.2,10.0,WSW,57,22:26,10.3,49,1,NW,24,1013.4,17.8,26,1,WNW,24,1011.2
,2020-08-6,6.7,17.6,0,4.0,9.9,W,43,10:20,9.9,56,1,W,20,1019.1,15.8,39,4,SE,17,1018.3
,2020-08-7,8.9,13.6,0,3.4,0.0,ESE,37,12:44,11.7,87,8,WNW,17,1022.3,12.2,97,8,SE,13,1018.4
,2020-08-8,11.2,15.8,28.6,1.6,1.0,W,41,22:40,12.4,100,7,W,20,1014.2,14.3,88,7,W,9,1010.6
,2020-08-9,8.5,14.7,6.0,2.6,1.6,NW,57,18:25,11.2,77,7,W,22,1011.7,10.5,95,8,W,30,1007.5
,2020-08-10,9.1,16.8,36.2,1.6,4.6,SSE,74,06:39,14.6,69,2,SSE,39,1015.7,15.2,59,7,SSW,15,1017.7
,2020-08-11,10.2,18.2,2.0,3.2,4.8,W,31,03:45,12.0,87,7,WNW,17,1021.7,16.5,64,6,ESE,4,1018.4
,2020-08-12,10.2,18.6,0,2.8,1.3,NNE,48,19:46,13.2,89,7, ,Calm,1016.9,17.6,60,7,N,7,1012.0
,2020-08-13,9.8,23.3,1.2,1.0,9.1,W,31,02:16,13.4,98,1,N,2,1014.5,23.1,44,3,WNW,11,1012.3
,2020-08-14,10.5,17.6,0,2.8,1.8,W,20,06:44,13.3,88,7,WNW,15,1016.0,17.1,72,8,WNW,4,1012.5
,2020-08-15,11.8,20.6,3.2,0.6,7.7,WSW,56,15:30,14.4,91,2,W,20,1007.5,19.8,46,6,W,30,1004.9
,2020-08-16,12.4,20.6,2.0,6.0,8.1,W,59,15:26,14.6,70,6,W,15,1007.1,19.2,39,3,W,35,1004.3
,2020-08-17,10.1,21.0,0.2,5.2,10.8,W,44,10:11,14.7,64,1,W,20,1008.9,20.4,41,1,W,24,1006.0
,2020-08-18,10.8,21.3,0,5.4,8.9,WNW,41,12:25,14.6,62,6,NW,15,1006.8,19.6,46,6,W,19,1001.7
,2020-08-19,11.1,21.4,0,4.0,9.7,W,83,17:08,16.7,57,1,N,28,997.4,19.4,33,4,NW,30,992.2
,2020-08-20,11.3,18.7,0,7.0,10.8,W,69,12:52,14.1,49,1,NW,26,1000.8,17.7,37,1,WNW,39,1002.1
,2020-08-21,9.7,18.4,0,5.4,9.6,NW,52,12:29,14.5,56,1,NW,17,1007.4,17.6,41,7,WNW,31,1003.8
,2020-08-22,9.3,15.8,0,6.6,10.3,NW,56,10:06,11.1,56,4,WNW,22,1004.4,14.6,34,6,WNW,35,1002.3
,2020-08-23,8.9,17.3,0,3.0,10.8,WNW,69,12:52,12.1,51,1,W,39,1007.2,16.2,37,2,WSW,39,1007.3
,2020-08-24,8.4,19.6,0,5.4,11.0,W,50,00:32,11.7,48,0,W,28,1019.0,18.0,37,1,SE,17,1018.7
,2020-08-25,6.2,18.9,0,4.0,10.7,W,33,07:38,10.7,56,1,W,22,1027.2,14.7,55,1,SSE,19,1026.1
,2020-08-26,6.2,20.1,0,3.8,10.8,W,28,02:54,10.6,67,1,WNW,20,1030.6,17.3,51,0,E,20,1026.7
,2020-08-27,6.6,22.4,0,3.0,10.8,NNW,28,17:35,10.7,68,1,WNW,20,1026.8,22.1,22,1,E,13,1020.7
,2020-08-28,10.7,19.6,0,7.4,10.7,SW,41,05:43,14.6,37,1,SW,19,1024.1,17.9,32,0,SE,15,1025.0
,2020-08-29,7.4,22.3,0,4.6,10.9,W,22,04:53,12.5,65,0,WNW,15,1030.7,19.7,47,0,E,17,1026.9
,2020-08-30,8.2,24.7,0,5.0,11.0,WNW,20,09:10,12.5,72,0,WNW,15,1025.4,24.1,47,0,ESE,13,1018.4
,2020-08-31,12.5,22.6,0,6.8,9.2,SSE,57,13:19,18.9,56,1,NW,13,1018.0,,,1,SSE,37,1018.1
,2020-05-1,10.3,16.7,17.2,0.6,10.2,W,70,12:24,13.8,54,3,NW,22,1009.0,16.0,38,3,NW,41,1005.8
,2020-05-2,12.4,18.3,0,6.6,10.1,WNW,67,10:32,14.9,47,3,NW,33,1005.2,18.2,35,1,WNW,35,1002.8
,2020-05-3,10.8,19.6,0,7.2,10.2,W,43,08:49,13.8,54,1,W,28,1017.0,19.0,39,1,SSW,17,1018.3
,2020-05-4,9.5,19.4,0,4.0,9.4,SSW,39,15:58,13.4,71,1,W,22,1025.9,17.3,53,4,S,20,1024.9
,2020-05-5,11.7,20.9,11.4,3.8,7.5,SSW,35,11:31,14.3,93,6,W,20,1030.7,20.5,66,2,S,15,1028.9
,2020-05-6,11.0,24.1,0,2.0,10.0,W,22,05:14,13.4,95,2,WNW,17,1029.9,24.0,40,3,NE,15,1024.6
,2020-05-7,11.2,24.8,0,4.0,5.5,NNW,28,15:53,13.9,84,7,WNW,9,1022.8,23.7,50,6,N,13,1018.7
,2020-05-8,13.9,28.0,0,4.2,10.0,WNW,41,09:22,20.2,59,0,WNW,19,1018.6,27.4,39,1,NNE,6,1015.0
,2020-05-9,16.3,25.8,0,6.4,,W,48,06:11,20.7,54,3,NNW,28,1013.7,25.2,43,6,N,28,1008.8
,2020-05-10,11.3,19.3,0,5.3,9.8,W,56,09:44,13.2,47,1,W,35,1019.9,19.1,29,1,SSW,11,1019.8
,2020-05-11,8.0,19.4,0,5.2,9.7,W,37,01:05,11.6,58,1,W,24,1027.4,18.7,39,1,SSE,17,1026.0
,2020-05-12,8.5,21.9,0,3.0,9.7,W,28,06:42,11.2,74,1,W,17,1027.7,21.3,44,2,NE,15,1023.4
,2020-05-13,10.1,19.6,0,4.0,3.8,W,26,03:53,12.9,77,7,W,19,1023.4,18.4,47,7,W,15,1021.6
,2020-05-14,10.2,18.6,0,1.6,4.7,S,44,11:36,11.4,84,4,WNW,19,1027.3,15.1,81,7,S,19,1026.8
,2020-05-15,9.7,15.6,3.4,3.8,2.5,S,39,10:22,12.0,76,6,W,20,1029.8,14.1,93,7,SSW,17,1028.3
,2020-05-16,11.0,19.6,7.8,17.0,4.1,W,22,00:14,13.0,100,7,WNW,13,1032.0,18.2,72,7,NNW,2,1029.6
,2020-05-17,9.8,22.4,0.2,1.0,7.9,SE,24,14:35,12.2,96,1,WNW,17,1031.5,18.5,65,7,SE,13,1029.9
,2020-05-18,11.3,21.0,1.2,2.4,2.7,E,26,12:19,14.1,94,7,WNW,11,1033.7,18.0,76,7,ENE,13,1030.9
,2020-05-19,13.7,21.4,1.0,0.6,9.4,E,22,13:52,14.4,99,1,WNW,17,1030.2,21.1,62,1,E,19,1025.6
,2020-05-20,13.1,24.5,0,3.6,7.9,NNW,46,12:44,16.7,78,5,N,13,1019.8,22.8,56,5,NNW,20,1014.8
,2020-05-21,14.6,18.8,0,4.8,1.8,NW,57,19:30,16.2,85,7,WNW,4,1013.9,17.7,86,3,E,4,1009.9
,2020-05-22,8.9,15.9,25.2,4.8,0.5,SW,61,12:12,12.1,71,7,W,31,1010.3,15.1,67,7,WSW,26,1008.3
,2020-05-23,11.0,17.7,3.0,2.8,3.1,W,48,02:06,14.4,71,1,W,22,1007.2,15.5,68,7,W,24,1007.1
,2020-05-24,13.7,17.2,0.2,2.8,0.2,SW,76,11:53,15.9,67,7,SW,28,1011.5,16.3,64,7,SSW,33,1011.9
,2020-05-25,13.3,15.5,0.2,5.4,0.0,SSW,63,11:20,13.8,83,7,SW,30,1017.1,15.2,82,7,SSW,30,1016.6
,2020-05-26,13.5,20.0,53.4,2.6,3.5,SSW,46,00:52,14.5,98,7,SW,19,1022.4,18.1,68,7,S,19,1021.3
,2020-05-27,11.6,20.5,7.0,3.4,6.3,WNW,26,03:04,13.3,97,4,W,17,1022.9,20.3,63,4,SSE,9,1019.9
,2020-05-28,11.1,22.7,0,2.2,8.2,W,26,12:40,13.3,97,1,WNW,19,1021.7,22.5,54,3,SSE,9,1019.3
,2020-05-29,11.6,15.7,0,2.6,0.0,WNW,26,04:18,13.3,86,7,WNW,19,1027.3,15.4,94,8,WNW,11,1026.5
,2020-05-30,10.7,20.6,7.0,0.2,7.9,NNE,28,22:48,13.0,100,1,WNW,11,1027.9,20.1,64,1,NE,15,1023.6
,2020-05-31,12.8,22.3,0,3.2,4.0,N,39,10:46,16.9,76,7,N,17,1019.2,21.7,51,2,N,15,1015.6
,2020-11-1,14.5,19.7,14.8,2.2,1.4,SW,54,13:23,16.8,88,7,W,13,1014.4,16.6,91,8,SSW,31,1018.0
,2020-11-2,13.8,22.2,19.0,3.0,10.1,SSE,43,07:34,19.7,65,5,SSE,28,1027.1,21.5,61,4,SSE,20,1026.6
,2020-11-3,13.2,23.9,0.2,5.8,12.8,E,26,13:05,17.8,80,2,WNW,9,1026.8,22.7,54,1,ESE,17,1023.4
,2020-11-4,13.7,24.7,0,7.4,10.8,NNE,39,16:47,18.1,72,6,N,15,1017.7,23.5,62,4,NE,17,1011.2
,2020-11-5,15.5,15.6,2.8,7.2,0.0,S,65,09:09,15.6,95,8,S,30,1009.8,14.4,90,8,SSW,30,1010.4
,2020-11-6,12.4,21.6,23.0,4.0,9.0,SSW,50,02:10,13.9,82,5,SSW,13,1018.5,20.9,49,4,SSE,24,1016.8
,2020-11-7,12.6,20.7,0,7.0,8.2,SSE,54,12:14,17.4,78,4,WNW,9,1020.6,19.3,54,3,S,33,1022.5
,2020-11-8,14.7,21.1,1.2,7.4,11.5,SE,39,12:46,17.0,58,4,SSW,17,1029.1,21.0,56,4,ESE,20,1027.8
,2020-11-9,13.9,22.6,0.2,6.4,6.4,ENE,28,16:55,17.0,77,7,WNW,13,1028.4,21.6,52,3,E,17,1025.2
,2020-11-10,13.5,23.3,0,5.6,10.6,E,35,16:15,17.5,74,6,WNW,9,1025.1,23.0,56,1,E,26,1020.5
,2020-11-11,14.4,25.4,0,7.8,12.3,NNE,48,21:20,19.4,85,3,ESE,6,1019.5,23.8,71,2,NE,20,1015.1
,2020-11-12,17.6,28.6,0,8.0,10.8,NNE,46,19:47,21.4,81,7,E,7,1010.6,25.7,65,6,NE,20,1006.7
,2020-11-13,19.0,30.4,3.2,8.4,7.5,W,76,14:46,21.4,83,7,NNE,9,1005.0,29.3,40,5,E,20,1000.5
,2020-11-14,16.8,26.7,0,5.6,12.5,W,28,08:22,21.2,61,1,W,20,1009.3,24.8,65,2,E,20,1008.6
,2020-11-15,16.5,25.7,0,7.8,12.7,NNE,33,19:16,20.5,80,0,ESE,7,1016.1,25.1,70,0,E,22,1013.9
,2020-11-16,18.9,36.5,0,10.2,8.6,S,57,22:10,24.2,71,6,ESE,9,1011.7,29.4,57,7,E,22,1007.4
,2020-11-17,18.4,25.0,0,11.0,6.1,SSW,56,23:02,21.0,66,7,SE,20,1019.6,22.5,59,7,E,24,1019.7
,2020-11-18,16.6,25.4,0.4,5.0,9.4,ENE,37,17:13,19.7,73,7,ENE,13,1025.1,24.1,57,1,ENE,20,1022.5
,2020-11-19,15.8,26.7,0,7.4,12.1,NE,52,14:06,22.0,73,3,NE,19,1023.2,26.4,58,3,NE,31,1019.5
,2020-11-20,18.2,27.8,0,7.4,11.6,S,56,20:24,23.3,77,1,E,17,1017.5,27.5,64,4,E,13,1013.5
,2020-11-21,18.5,25.6,0,11.8,7.4,SSW,48,00:12,20.2,74,7,SSW,19,1022.9,24.8,58,6,SE,19,1020.0
,2020-11-22,17.8,25.6,0,7.8,4.8,E,28,10:50,22.4,75,3,ESE,11,1017.5,23.0,81,7,NE,7,1013.6
,2020-11-23,20.7,25.5,2.6,4.4,0.2,WSW,57,03:00,22.0,94,7,W,7,1008.2,23.1,69,7,NW,19,1004.6
,2020-11-24,18.0,24.6,1.6,4.8,10.0,SSW,48,09:04,20.1,72,5,S,24,1011.7,23.5,53,2,SE,26,1011.3
,2020-11-25,17.7,25.0,0,6.2,6.6,NNE,35,21:53,21.1,74,7,E,9,1015.3,24.2,62,2,E,24,1012.8
,2020-11-26,17.3,28.3,0,7.6,6.6,S,54,21:02,22.2,69,0,WNW,6,1012.1,27.5,59,1,ENE,17,1009.6
,2020-11-27,18.6,27.1,0,5.8,8.2,NNE,44,19:07,20.5,72,7,SSW,9,1019.4,23.7,70,2,E,22,1014.2
,2020-11-28,20.1,40.8,0,7.6,11.3,NNW,52,14:28,27.1,74,6,SSE,6,1009.4,40.8,20,5,NNW,28,1004.8
,2020-11-29,25.3,40.5,0,19.4,6.9,WNW,85,14:19,31.2,38,7,NW,22,1000.4,38.4,22,7,WNW,48,998.3
,2020-11-30,18.7,27.3,0,16.0,2.1,SSE,39,02:24,20.7,64,7,SSE,13,1018.2,23.4,59,7,ENE,20,1016.4
,2020-10-1,14.4,25.5,2.6,3.8,9.2,E,39,13:04,19.2,70,1,WNW,6,1014.8,22.0,57,1,ENE,19,1014.5
,2020-10-2,11.6,24.7,0.2,3.8,11.3,N,31,19:35,18.1,75,0,WNW,13,1024.5,23.2,54,0,ENE,15,1021.9
,2020-10-3,12.9,25.2,0,7.2,11.2,NNE,48,17:56,20.2,61,0,WNW,11,1026.8,24.9,56,0,NE,24,1021.5
,2020-10-4,15.8,24.8,0,7.6,11.1,NNE,52,17:30,17.5,91,4,E,4,1021.4,23.8,65,1,E,24,1017.2
,2020-10-5,17.2,33.7,0,8.8,11.4,S,70,22:32,23.5,47,1,N,22,1017.2,30.4,37,1,ENE,13,1013.6
,2020-10-6,15.2,19.8,0,10.0,0.0,SSW,54,03:01,16.3,88,7,SSW,17,1022.3,18.8,77,8,S,22,1021.0
,2020-10-7,16.2,21.5,0,2.0,0.0,SW,24,23:38,17.8,91,8,SW,7,1020.8,18.9,91,8,ESE,15,1018.5
,2020-10-8,17.1,29.4,0.4,2.2,9.4,NNW,54,16:15,20.2,86,7,N,6,1011.8,24.7,65,6,ESE,6,1008.4
,2020-10-9,14.3,23.5,1.0,7.0,11.3,W,56,17:34,17.0,54,2,W,17,1014.6,22.5,32,2,WNW,24,1012.6
,2020-10-10,13.9,26.0,0,8.0,11.8,W,41,02:54,16.6,52,0,W,26,1019.4,23.4,35,1,E,24,1016.5
,2020-10-11,13.4,28.2,0,8.6,9.1,NE,37,15:05,17.7,58,2,WNW,7,1021.6,26.6,35,6,NE,20,1018.2
,2020-10-12,17.0,25.3,0,7.2,8.5,SSE,37,23:09,19.2,85,6,WNW,11,1024.3,24.0,60,3,ESE,19,1021.0
,2020-10-13,14.8,28.8,0,7.6,11.9,S,48,20:00,17.8,86,0,WNW,11,1022.5,26.5,45,1,E,15,1020.2
,2020-10-14,16.7,23.5,0,7.8,11.2,S,39,00:05,18.7,73,5,SSE,24,1027.6,21.9,61,7,ESE,19,1025.0
,2020-10-15,15.0,25.8,0,5.0,10.2,ENE,44,13:08,19.5,79,3,N,11,1021.0,24.6,57,1,NE,22,1014.7
,2020-10-16,18.1,19.7,0,8.6,0.5,SSW,59,05:43,18.2,81,7,SSW,30,1018.8,18.7,71,7,SSE,24,1019.6
,2020-10-17,15.6,26.3,0,3.4,4.7,NE,48,14:09,19.5,83,8,NE,15,1014.6,25.3,65,7,NE,26,1008.3
,2020-10-18,18.0,26.2,1.8,5.8,4.0,SE,46,15:06,19.9,80,7, ,Calm,1010.3,23.2,54,7,ESE,22,1010.0
,2020-10-19,15.1,21.3,3.0,4.4,6.0,SE,33,13:01,16.0,90,6,S,15,1017.3,19.4,67,2,SE,20,1016.8
,2020-10-20,16.0,22.2,0,7.2,4.7,E,33,16:00,17.4,82,7,NNE,6,1019.6,20.5,70,4,E,17,1017.9
,2020-10-21,14.6,24.6,0.4,3.0,11.9,NE,46,14:47,18.6,75,2,NNE,13,1017.7,24.1,58,1,NE,24,1014.2
,2020-10-22,16.0,26.3,0,8.0,7.5,NE,37,18:04,19.4,83,7,SE,7,1015.8,24.1,59,6,ESE,15,1013.9
,2020-10-23,18.1,25.7,0,2.8,9.9,NE,50,16:27,20.2,87,4,E,13,1014.4,24.1,70,7,ENE,22,1010.0
,2020-10-24,18.8,26.0,3.2,9.6,0.6,SSW,54,22:36,21.3,94,7,NNE,9,1005.9,21.9,90,8,N,7,1003.0
,2020-10-25,14.0,15.2,19.0,6.4,0.0,S,63,20:53,14.0,88,8,S,28,1013.1,13.1,94,8,SSW,26,1014.0
,2020-10-26,12.5,16.6,43.2,2.6,0.0,SSE,76,03:58,15.2,82,8,SSE,43,1017.6,14.6,96,8,S,33,1017.5
,2020-10-27,13.9,20.5,12.4,3.4,5.0,S,52,08:14,16.4,78,8,S,24,1020.4,19.6,67,7,SSW,22,1018.6
,2020-10-28,13.5,20.0,0.2,4.2,3.5,SSE,31,14:10,16.4,80,7,W,17,1020.1,18.9,75,6,SSE,17,1016.2
,2020-10-29,14.8,22.6,18.4,4.8,7.9,SW,35,03:44,16.4,91,8,SW,11,1013.8,21.1,59,2,SE,19,1010.4
,2020-10-30,12.8,24.7,0,4.0,10.4,ESE,30,15:59,17.1,87,3,WNW,11,1011.4,22.2,64,5,ESE,19,1010.1
,2020-10-31,16.9,25.4,2.6,7.2,4.9,SSW,52,12:26,17.8,99,7,ESE,6,1006.6,18.9,78,7,S,24,1007.7
,2020-04-1,18.1,24.8,0,4.6,0.8,ENE,35,15:25,22.1,88,7,E,13,1019.9,24.5,78,7,ENE,17,1017.6
,2020-04-2,18.8,25.4,0,3.8,2.2,NE,33,09:16,20.6,92,7,NNE,7,1015.2,22.5,81,8,N,9,1011.6
,2020-04-3,17.5,25.8,4.8,1.8,3.4,NE,31,19:01,18.8,93,3,ESE,6,1010.4,25.1,71,7,E,17,1006.1
,2020-04-4,18.8,25.6,7.2,3.2,8.2,W,65,12:22,20.1,90,6,NNW,28,998.5,23.9,36,1,WNW,31,1000.8
,2020-04-5,14.0,24.9,0,9.8,10.6,NNW,41,09:26,18.6,54,3,NW,19,1014.1,24.2,33,1,WNW,17,1011.1
,2020-04-6,14.1,24.9,0,,9.7,SSE,46,20:25,19.3,60,2,WNW,13,1018.5,21.9,63,5,SE,22,1017.2
,2020-04-7,15.2,21.7,4.8,11.6,5.8,SSE,35,11:11,17.9,82,7,S,11,1022.5,20.4,65,7,SSE,17,1020.8
,2020-04-8,15.8,20.4,7.2,4.6,0.2,SSE,31,23:42,17.8,83,8,SE,11,1022.6,20.1,69,7,S,17,1022.1
,2020-04-9,16.3,22.2,0,1.2,2.4,SSE,28,00:46,18.6,83,6,WSW,13,1027.1,20.7,74,6,SSW,9,1024.6
,2020-04-10,17.6,23.3,1.2,2.0,3.1,WSW,59,17:28,18.4,94,8,N,13,1020.3,23.0,69,2,N,13,1012.2
,2020-04-11,13.7,26.5,3.4,3.4,10.6,W,80,15:23,19.6,61,2,WNW,19,1005.8,25.3,33,2,W,41,1000.2
,2020-04-12,11.9,22.6,0,7.6,10.9,W,37,00:05,15.3,49,1,W,22,1016.3,21.3,46,1,ESE,17,1015.4
,2020-04-13,11.2,22.6,0,4.8,8.8,ENE,24,14:59,15.6,75,5,WNW,15,1022.0,21.6,57,6,ENE,19,1019.7
,2020-04-14,12.9,24.5,0,,10.8,E,24,14:02,16.9,80,1,WNW,15,1025.1,23.0,66,1,E,13,1021.6
,2020-04-15,14.8,25.4,0,,10.5,E,22,13:09,18.8,82,5,WNW,11,1023.6,23.6,63,3,ENE,19,1018.4
,2020-04-16,17.7,25.7,0,12.8,0.5,NNW,37,11:04,22.1,62,7,NNW,7,1014.0,24.7,52,7,NNW,20,1009.3
,2020-04-17,17.2,27.9,0,5.2,10.2,W,35,16:55,21.1,51,2,W,20,1011.2,27.3,21,1,SSW,17,1008.8
,2020-04-18,13.0,24.9,0,6.8,,WSW,44,01:19,16.3,59,1,W,17,1013.8,22.5,42,1,ESE,19,1011.3
,2020-04-19,12.2,23.9,0,,7.8,WNW,22,03:31,16.3,76,3,WNW,19,1014.5,23.3,60,3,ESE,13,1013.1
,2020-04-20,13.6,19.4,0,8.0,0.1,W,28,07:17,16.3,84,7,W,11,1016.1,19.0,57,7,NNW,15,1012.4
,2020-04-21,13.9,25.4,0,1.8,10.2,ENE,30,15:49,18.4,66,2,WNW,11,1019.3,23.1,59,2,ENE,20,1014.7
,2020-04-22,13.9,26.3,0,5.6,10.2,W,39,09:51,18.7,66,1,W,19,1019.0,25.8,35,5,E,15,1016.5
,2020-04-23,12.9,26.2,0,,9.4,N,31,12:27,16.4,68,3,WNW,22,1021.3,24.5,47,1,NE,17,1016.0
,2020-04-24,16.4,28.4,0,10.6,9.9,WSW,31,12:13,20.4,61,1,W,11,1017.4,27.4,32,1,WSW,13,1015.8
,2020-04-25,14.2,25.8,0,4.0,10.3,NNE,37,18:06,18.4,76,0,WNW,13,1022.1,25.1,64,1,NE,20,1017.7
,2020-04-26,16.0,27.8,0,7.2,6.1,NW,41,12:54,20.8,59,6,NW,2,1015.2,25.1,38,8,WNW,20,1012.1
,2020-04-27,16.1,21.6,0,3.4,1.8,ENE,35,23:53,17.0,84,6,WNW,13,1024.0,21.1,72,7,ENE,17,1023.0
,2020-04-28,17.0,24.4,0.4,2.8,0.6,ENE,35,02:34,21.1,66,7,NE,17,1024.7,21.4,68,8,NE,17,1021.2
,2020-04-29,16.9,25.1,0.4,4.4,7.0,NNE,39,15:47,19.8,86,5,N,6,1016.0,23.3,75,7,NE,17,1011.8
,2020-04-30,19.1,21.1,0.2,5.6,0.0,WSW,59,11:59,21.0,82,7,NE,15,1006.5,13.9,97,8,WSW,9,1007.0
,2020-12-1,19.3,28.4,0,6.4,7.0,WSW,56,17:40,21.3,81,7,NNE,17,1013.3,27.3,64,0,ENE,35,1006.9
,2020-12-2,19.0,24.0,6.8,9.4,2.8,SSW,56,02:03,21.6,74,7,SSE,30,1018.8,21.2,70,7,ESE,22,1019.7
,2020-12-3,17.2,23.0,0.6,5.4,0.0,NE,37,13:06,20.5,71,8,ENE,15,1022.7,20.7,78,8,NE,20,1019.5
,2020-12-4,18.6,30.0,0,4.0,12.8,SSE,35,21:23,23.0,80,0,NW,6,1015.1,25.5,64,1,E,13,1010.8
,2020-12-5,19.5,25.1,0,10.0,0.0,NNE,43,21:04,21.0,78,7,ENE,13,1013.1,23.6,73,8,ENE,13,1006.2
,2020-12-6,20.9,30.7,6.2,1.8,13.4,W,56,17:24,23.8,48,1,WNW,20,1002.0,29.7,22,1,W,31,1000.8
,2020-12-7,18.0,30.8,0,14.0,12.3,W,50,17:50,23.8,36,1,NNW,24,1005.3,29.7,23,1,W,24,1002.5
,2020-12-8,15.6,24.5,0,13.2,13.3,SW,63,23:24,18.4,44,1,SSW,17,1012.9,22.2,40,1,SE,24,1014.0
,2020-12-9,14.4,26.7,0,9.2,13.1,ENE,39,16:16,19.9,59,1,W,15,1020.1,24.6,49,1,E,28,1016.8
,2020-12-10,16.9,27.3,0,12.0,9.0,S,65,12:47,21.2,69,3, ,Calm,1017.7,24.1,65,5,S,41,1019.4
,2020-12-11,17.0,23.9,0,11.6,5.1,SE,50,00:22,19.7,52,6,SSE,24,1028.7,21.5,48,7,SE,22,1028.0
,2020-12-12,15.5,25.1,1.6,8.2,7.1,ESE,43,13:11,20.6,52,7,ESE,24,1030.5,24.7,51,6,SE,26,1028.7
,2020-12-13,16.0,27.5,1.6,9.6,9.0,E,44,20:37,21.4,67,4,ESE,13,1026.0,27.0,53,5,ENE,20,1023.7
,2020-12-14,18.1,24.8,3.6,9.2,0.3,ENE,39,09:20,21.6,80,8,E,9,1021.1,23.9,74,7,E,9,1019.3
,2020-12-15,18.7,24.8,11.6,1.4,1.1,E,48,18:31,20.7,100,8,ESE,17,1017.2,22.5,92,7,E,19,1014.4
,2020-12-16,20.6,27.7,12.2,3.6,4.1,NE,48,16:16,22.6,100,7,NE,17,1012.2,23.6,90,7,NE,28,1008.9
,2020-12-17,21.4,30.5,0.2,5.6,8.1,NNE,44,16:07,24.6,86,7,NE,11,1006.7,28.7,67,3,NE,20,1003.9
,2020-12-18,22.2,30.3,0,5.4,3.3,NW,46,10:08,27.3,78,6,ESE,6,1005.1,29.9,52,8,NW,20,1005.1
,2020-12-19,19.0,19.6,1.4,5.8,0.0,SSE,41,23:23,19.5,79,8,SSE,15,1017.2,19.0,90,8,SE,13,1017.4
,2020-12-20,18.0,23.7,7.0,1.4,1.8,SSW,26,00:31,19.0,99,8,SSW,13,1013.7,23.4,82,6,E,13,1011.7
,2020-12-21,18.8,24.5,1.6,3.0,0.8,ENE,31,13:59,21.4,92,8,E,4,1012.9,21.9,94,8,ENE,19,1009.8
,2020-12-22,17.7,27.6,26.2,2.0,1.8,W,54,16:03,19.7,99,7,W,11,1001.7,26.3,50,7,W,28,1002.6
,2020-12-23,16.2,26.3,0,8.8,12.2,SSE,52,13:54,20.7,55,1,W,26,1013.4,25.6,49,6,SSE,39,1015.1
,2020-12-24,17.2,26.9,0,7.0,11.6,NE,43,16:27,21.8,75,7,N,11,1017.0,25.6,59,6,NE,26,1013.0
,2020-12-25,18.0,21.9,0.6,10.2,1.2,S,44,02:22,18.7,88,7,SSE,22,1019.5,21.1,67,7,SSE,26,1019.9
,2020-12-26,17.5,25.8,0.8,4.2,2.5,ENE,46,14:29,19.8,92,7,W,4,1020.4,24.8,62,4,ENE,30,1017.0
,2020-12-27,17.3,27.4,3.6,6.6,11.7,NNE,37,18:51,19.4,93,1,WNW,17,1013.4,25.6,68,2,E,22,1008.9
,2020-12-28,19.3,30.3,0,7.4,4.2,SSE,54,12:24,26.2,65,7,SSW,20,1007.6,21.8,71,7,SSE,30,1009.7
,2020-12-29,16.9,20.8,14.0,6.0,0.0,SSW,44,15:29,17.3,98,8,SW,9,1015.1,20.3,82,7,SSW,20,1014.0
,2020-12-30,17.2,24.0,19.2,1.6,2.8,S,41,00:30,18.9,95,8,SSE,13,1018.8,23.2,68,7,ESE,20,1018.7
,2020-12-31,18.3,24.5,0.2,7.4,0.5,SSE,33,08:38,22.1,76,7,SSE,19,1020.2,21.4,85,8,ESE,15,1020.1
,2020-06-1,14.4,22.6,0,2.8,7.6,NNW,61,14:51,17.9,58,3,N,22,1009.3,21.6,35,5,NNW,37,1005.5
,2020-06-2,7.8,14.9,4.8,6.8,0.8,WSW,56,18:24,8.1,91,7,NW,13,1014.3,14.8,55,7,W,19,1014.5
,2020-06-3,8.1,18.7,0.2,2.0,9.4,SW,44,12:12,13.7,64,1,W,24,1021.5,17.3,43,1,S,26,1023.8
,2020-06-4,10.1,17.0,0,3.8,6.0,W,37,05:26,11.3,63,5,W,22,1032.9,16.5,54,5,SSW,19,1030.8
,2020-06-5,7.1,19.4,0,2.4,9.8,W,24,00:03,9.3,84,1,WNW,15,1030.6,18.6,61,1,E,13,1025.6
,2020-06-6,7.4,19.7,0,2.4,9.8,W,28,06:53,9.4,77,1,WNW,19,1026.1,17.7,54,2,E,4,1022.2
,2020-06-7,8.3,17.2,0,2.6,1.9,S,33,15:31,9.5,91,7,WNW,17,1023.3,14.7,77,8,S,17,1021.8
,2020-06-8,9.2,17.3,19.8,2.0,6.8,SW,43,12:10,10.9,86,1,W,22,1028.4,15.8,69,6,SSW,24,1028.0
,2020-06-9,10.7,19.8,4.8,3.4,4.8,SSW,26,10:42,11.9,100,3,WNW,13,1033.2,19.6,75,5,SSE,13,1031.3
,2020-06-10,11.9,16.1,6.2,1.0,0.0,ENE,37,16:06,13.7,100,7,W,11,1029.9,15.9,98,8,NE,6,1026.0
,2020-06-11,13.4,,7.2,1.4,7.5,SSE,41,15:05,13.9,98,1,WNW,19,1023.7,,,3,SSE,26,1022.3
,2020-06-12,11.9,16.2,,2.0,0.3,WNW,28,00:26,13.8,96,8,WNW,15,1026.3,14.5,97,8,W,15,1024.3
,2020-06-13,11.1,19.8,6.0,2.0,4.3,E,22,14:26,12.6,100,6,WNW,13,1023.5,18.1,84,7,ENE,11,1018.9
,2020-06-14,12.6,21.8,10.0,0.8,6.3,WNW,41,17:44,14.4,98,7,NNW,9,1014.0,21.2,36,1,W,20,1014.4
,2020-06-15,8.8,20.6,0,3.0,9.8,W,30,09:52,11.8,72,1,WNW,15,1023.6,20.1,51,1,WNW,19,1021.0
,2020-06-16,10.3,21.5,0,3.2,9.3,WNW,30,12:27,13.0,79,0,WNW,13,1024.2,21.4,46,1,WNW,13,1021.8
,2020-06-17,10.7,17.4,0,3.4,1.5,SSE,39,16:54,12.8,76,6,WNW,20,1031.7,16.7,72,8,SE,24,1032.7
,2020-06-18,11.8,19.9,3.2,1.2,4.7,SE,30,04:13,13.3,87,7,WNW,17,1038.3,17.2,59,3,E,13,1035.1
,2020-06-19,9.1,20.1,0,4.0,8.7,E,24,14:22,11.3,95,1,WNW,15,1032.6,19.0,72,1,ENE,17,1027.6
,2020-06-20,9.0,21.8,0,2.8,6.8,N,24,15:24,9.3,99,7,WNW,17,1024.9,21.2,53,1,S,2,1019.5
,2020-06-21,9.3,19.3,5.8,1.4,5.0,WSW,43,07:09,11.7,95,8,NW,9,1014.3,18.7,66,1,W,9,1008.8
,2020-06-22,9.1,17.8,0.6,2.0,4.3,W,39,16:17,10.4,79,7,W,17,1010.6,14.7,57,5,WNW,19,1008.6
,2020-06-23,7.8,17.4,0,2.0,8.6,W,44,12:47,10.8,69,3,W,13,1012.3,17.0,43,3,W,28,1011.1
,2020-06-24,7.8,18.8,0,3.6,5.4,SW,43,14:58,11.1,72,3,WNW,20,1014.3,17.5,54,7,SW,22,1013.6
,2020-06-25,9.5,19.7,0,2.2,9.3,W,41,02:09,11.5,77,0,W,26,1019.9,18.7,46,1,W,26,1018.1
,2020-06-26,8.5,19.3,0,3.0,8.7,WNW,33,05:05,10.8,72,1,W,19,1023.9,18.3,48,2,SSE,15,1022.6
,2020-06-27,9.5,16.6,1.2,2.6,2.7,S,33,11:56,10.7,82,7,NW,9,1027.9,15.2,66,7,SSE,19,1026.3
,2020-06-28,9.1,16.2,0.2,2.4,2.0,SSE,41,16:24,9.8,80,5,WNW,20,1028.3,14.9,67,7,S,22,1026.3
,2020-06-29,9.5,16.8,8.4,2.6,1.7,W,26,07:33,11.8,99,7,WNW,17,1028.1,14.7,78,7,SSE,13,1026.1
,2020-06-30,8.5,18.8,1.8,0.8,8.0,ENE,24,14:25,9.7,100,2,W,13,1026.9,18.6,74,5,ENE,13,1022.1
,2020-07-1,7.9,22.8,0,1.4,8.9,W,28,05:49,11.2,87,1,W,22,1022.1,21.4,44,1,E,6,1017.8
,2020-07-2,11.2,22.9,,3.4,9.2,NNW,54,12:41,17.6,58,1,NNW,22,1016.1,21.3,46,3,NNW,35,1013.2
,2020-07-3,10.4,18.7,0,3.6,8.2,W,37,17:20,12.9,64,1,WNW,11,1020.8,18.5,40,2,W,19,1017.8
,2020-07-4,8.7,17.1,1.6,3.8,7.6,W,52,21:41,9.3,88,6,W,17,1019.7,16.0,40,1,SW,2,1018.6
,2020-07-5,8.5,19.1,0.2,3.4,8.6,W,39,09:53,11.2,67,1,W,20,1022.1,17.4,43,2,SSE,13,1021.1
,2020-07-6,7.8,19.3,0,2.4,9.2,W,31,03:58,10.3,79,1,W,24,1028.0,18.9,50,1,SSE,9,1026.0
,2020-07-7,10.2,16.9,0,3.0,3.5,S,37,18:11,11.1,76,2,WNW,19,1030.4,15.5,60,5,SW,11,1028.8
,2020-07-8,10.9,17.6,11.2,1.2,0.7,W,20,03:07,11.7,99,7,W,13,1031.5,14.2,79,7,ESE,2,1029.3
,2020-07-9,8.5,17.9,0,0.8,8.8,WNW,22,09:04,10.2,99,1,WNW,19,1031.5,17.0,78,2,ENE,19,1027.7
,2020-07-10,10.1,17.7,0,2.8,2.4,WNW,20,08:47,11.1,99,7,W,17,1027.2,16.5,76,7,WNW,7,1023.6
,2020-07-11,11.1,15.9,4.8,0.0,0.5,WNW,19,06:03,12.6,98,8,WNW,7,1018.1,15.7,88,7,WNW,6,1013.9
,2020-07-12,9.3,18.8,0.6,1.6,6.3,N,43,16:16,10.5,99,1,W,20,1016.4,15.4,70,5,ENE,9,1014.8
,2020-07-13,8.5,18.4,4.6,2.4,8.1,W,33,20:12,10.3,98,3,WNW,20,1018.7,16.9,58,4,SW,11,1016.5
,2020-07-14,10.3,15.9,19.4,1.2,3.3,SSE,74,10:30,14.5,82,7,S,30,1016.3,15.5,76,4,S,30,1016.6
,2020-07-15,10.9,15.0,16.4,1.6,2.1,SW,59,14:00,12.2,77,6,W,19,1018.3,13.8,71,7,SW,30,1016.3
,2020-07-16,9.3,15.3,0,4.4,2.1,SSW,57,14:18,11.3,63,4,W,26,1017.5,13.9,72,7,SW,24,1016.2
,2020-07-17,10.8,15.1,0.2,3.8,0.2,SSW,48,13:25,11.9,72,7,W,24,1020.4,14.9,70,7,SSW,20,1020.1
,2020-07-18,9.5,18.1,1.2,1.2,3.1,WSW,24,00:04,12.6,79,7,WNW,17,1022.0,17.6,59,7,E,7,1019.5
,2020-07-19,7.6,20.7,0,,7.3,W,22,07:32,10.1,95,5,WNW,15,1018.1,18.2,50,6,WNW,9,1013.4
,2020-07-20,9.9,19.4,0,5.0,9.7,W,46,06:30,12.6,44,1,WSW,24,1018.9,19.4,29,0,WSW,17,1017.9
,2020-07-21,7.8,17.4,0,4.0,9.7,W,37,06:41,10.6,67,1,W,24,1026.8,16.7,49,1,S,17,1026.3
,2020-07-22,7.0,20.0,0,2.6,8.1,WNW,26,04:57,10.1,77,7,W,20,1027.8,17.3,60,6,E,13,1024.0
,2020-07-23,7.3,20.1,0,2.2,9.6,W,26,08:09,10.0,79,1,W,19,1026.4,19.2,61,1,E,11,1024.0
,2020-07-24,8.1,19.0,0,2.8,8.7,E,24,13:37,10.1,99,1,WNW,13,1027.9,17.5,71,2,E,20,1025.1
,2020-07-25,9.3,18.0,0,3.0,1.6,ENE,33,19:59,9.8,99,7,WNW,6,1026.1,15.5,91,7,E,7,1023.4
,2020-07-26,9.8,16.5,7.4,0.4,0.0,SSE,74,19:53,13.6,100,8,W,9,1018.6,15.1,100,8,SSE,6,1011.7
,2020-07-27,13.5,16.3,84.6,25.4,0.0,SW,56,15:09,15.5,100,8,W,24,997.6,14.5,93,8,SSW,22,998.7
,2020-07-28,12.3,18.4,53.2,1.0,4.2,SSW,54,11:55,15.3,96,7,SW,26,1007.7,18.1,69,6,SSW,20,1009.8
,2020-07-29,10.1,19.3,3.8,2.6,9.2,S,33,11:59,13.8,79,2,WNW,17,1017.0,18.1,58,3,S,22,1015.5
,2020-07-30,10.1,18.3,0,4.0,9.4,SSE,39,15:55,12.4,83,1,WNW,20,1023.7,17.1,54,3,S,20,1023.0
,2020-07-31,8.2,18.8,0,2.6,9.6,W,26,08:43,11.0,79,1,WNW,20,1029.1,18.6,50,1,ESE,9,1026.4
,2020-03-1,18.7,29.7,0,5.4,10.5,NNE,48,18:15,21.1,92,1,WNW,4,1014.4,28.2,62,5,ENE,20,1010.2
,2020-03-2,20.0,38.0,0,9.6,9.1,S,80,15:35,23.4,61,3,W,17,1009.2,37.5,19,7,E,9,1007.3
,2020-03-3,20.4,21.9,0,10.0,0.0,SSE,31,00:18,21.3,72,8,SSE,15,1019.1,20.5,81,8,SSW,13,1019.6
,2020-03-4,18.6,25.6,22.4,1.4,0.0,ENE,46,07:41,19.9,100,8,E,28,1019.4,24.7,74,7,ENE,15,1016.3
,2020-03-5,19.9,22.8,8.0,3.2,0.0,NNE,54,15:10,22.1,95,7,NE,15,1011.9,20.9,98,7,N,19,1008.0
,2020-03-6,20.7,27.6,40.6,1.4,5.7,S,44,17:18,21.7,98,6,WNW,13,1007.4,24.5,79,8,SSE,20,1009.2
,2020-03-7,19.4,24.9,0,6.8,6.4,SSE,44,13:56,19.9,84,7,SSW,19,1019.3,23.4,66,2,SSE,28,1019.5
,2020-03-8,16.6,23.2,18.8,7.8,3.6,SSE,33,01:49,18.1,95,8,SW,15,1021.5,21.3,66,7,SSE,17,1019.5
,2020-03-9,16.7,22.2,7.2,2.8,,SSE,37,13:40,16.7,96,7,ESE,4,1021.7,21.2,74,7,SSE,24,1020.6
,2020-03-10,16.6,23.6,4.0,4.4,4.9,S,24,09:37,18.7,80,6,S,13,1022.2,23.3,57,6,SE,13,1020.6
,2020-03-11,15.4,26.0,0,3.6,10.6,ESE,28,10:44,17.1,93,2,WNW,13,1023.4,25.3,55,4,ESE,19,1023.1
,2020-03-12,17.0,26.6,0.8,5.4,10.8,E,28,09:31,19.0,92,1,WNW,11,1025.7,26.2,53,1,E,17,1023.5
,2020-03-13,15.1,26.5,0,7.4,11.2,NE,37,16:52,17.1,91,1,WNW,13,1020.9,25.7,57,1,E,24,1016.1
,2020-03-14,17.1,17.9,0,7.8,0.0,S,65,07:03,17.3,80,7,S,41,1016.5,13.1,94,8,WSW,22,1018.4
,2020-03-15,13.0,20.3,12.6,4.4,3.3,SSE,48,08:57,17.2,76,4,S,22,1021.8,17.5,92,7,SSW,15,1021.8
,2020-03-16,15.7,22.5,15.0,3.4,3.3,SE,48,12:28,17.6,100,7,WNW,7,1024.7,18.9,92,7,SSE,19,1025.3
,2020-03-17,14.8,23.9,10.4,4.4,4.3,W,28,04:08,16.9,96,7,W,11,1027.8,22.9,65,7,ESE,13,1026.3
,2020-03-18,14.6,25.8,0,2.6,10.7,NNE,35,17:29,15.8,98,1,W,9,1027.0,24.5,59,2,ENE,19,1022.5
,2020-03-19,15.8,32.0,0.2,7.0,10.6,WNW,22,07:46,18.2,87,5,WNW,19,1022.1,30.4,46,3,ENE,13,1019.3
,2020-03-20,18.2,34.7,0,6.6,10.0,S,48,20:46,22.8,68,7,WNW,4,1015.7,34.3,29,1,NW,20,1010.9
,2020-03-21,18.1,27.6,0,9.8,9.7,SSE,39,13:45,19.6,90,1,WNW,13,1019.9,23.2,67,6,SSE,22,1019.9
,2020-03-22,18.0,29.6,0,6.8,10.3,SSE,48,18:56,19.8,91,7,W,6,1018.7,28.0,60,7,E,15,1015.8
,2020-03-23,18.1,23.0,0.6,6.6,4.9,S,46,02:16,19.9,69,5,S,15,1025.3,22.1,66,6,SSE,22,1024.6
,2020-03-24,16.4,22.4,6.0,5.0,0.5,NE,31,18:38,17.4,97,7,NNW,13,1024.8,21.5,75,7,E,20,1021.7
,2020-03-25,17.4,25.6,0.4,3.4,4.3,SSE,39,13:50,19.4,84,6,WNW,6,1019.1,23.5,73,8,SSE,24,1018.3
,2020-03-26,16.9,22.4,19.4,5.8,3.7,SSE,50,03:54,18.9,77,7,S,20,1025.0,21.0,72,6,SSW,28,1025.0
,2020-03-27,17.4,23.9,0.6,1.8,3.6,E,35,01:48,20.2,71,6,ESE,20,1027.2,22.5,52,6,ESE,19,1025.9
,2020-03-28,15.0,26.2,0,4.6,5.6,E,33,16:13,16.4,93,3,WNW,13,1025.6,24.7,53,7,ENE,17,1023.0
,2020-03-29,16.4,26.0,13.4,5.6,7.5,NE,41,14:01,18.5,100,5,W,2,1020.9,25.2,71,6,NE,24,1017.2
,2020-03-30,18.5,24.8,1.0,4.0,1.7,NNW,31,10:42,20.1,94,7,NW,6,1014.1,24.5,66,7,WNW,11,1011.4
,2020-03-31,17.2,27.0,0,2.8,10.1,ESE,28,13:23,18.1,95,2,WNW,11,1016.7,26.7,67,2,SE,17,1015.7
,2021-04-1,14.6,27.3,6.6,4.8,9.8,W,26,01:36,15.9,92,1,W,17,1025.0,26.7,58,2,E,13,1023.2
,2021-04-2,15.9,27.3,0,2.8,10.8,ESE,20,13:18,17.5,98,3,WNW,15,1026.5,26.3,60,1,ESE,15,1025.7
,2021-04-3,16.0,26.9,0,4.0,10.8,NE,30,12:50,17.3,97,1,WNW,19,1026.2,26.6,58,1,ENE,20,1022.3
,2021-04-4,16.7,27.3,0,7.2,9.9,NNE,31,16:17,20.4,86,1,WNW,11,1019.8,25.0,71,6,E,11,1015.8
,2021-04-5,17.8,28.3,0,5.6,10.2,SSE,31,08:55,23.1,86,2,S,19,1019.5,28.2,64,2,SSE,19,1018.3
,2021-04-6,19.2,27.5,0.6,3.3,7.7,ESE,31,16:44,22.4,96,2,WNW,9,1021.9,24.3,77,6,ESE,20,1019.8
,2021-04-7,18.6,26.5,1.2,4.4,6.5,ENE,37,19:12,21.9,98,5,ESE,13,1019.3,23.7,77,7,SE,17,1015.7
,2021-04-8,18.4,26.8,6.8,3.2,10.0,N,22,03:06,20.7,99,2,WNW,9,1014.0,26.7,64,2,E,13,1009.9
,2021-04-9,17.2,28.8,0,4.8,6.4,SSE,52,18:24,20.2,87,2,W,13,1005.3,28.6,51,1,W,4,1001.5
,2021-04-10,16.5,24.5,0.2,6.4,8.0,W,48,20:15,16.9,74,7,W,19,1006.9,23.9,34,1,W,26,1004.0
,2021-04-11,13.5,,0,5.8,,,,,16.5,42,1,W,31,1009.3,,,,,,
,2021-01-1,17.8,22.0,4.2,2.4,0.0,SSE,39,09:52,20.5,73,8,SSE,17,1021.8,20.6,66,7,SSE,20,1020.5
,2021-01-2,16.1,22.4,5.2,4.2,0.0,E,37,20:12,18.4,92,8,WSW,11,1016.8,20.1,90,8,ESE,6,1013.9
,2021-01-3,18.0,26.5,7.8,2.2,2.9,ENE,35,14:07,20.5,100,8,NE,11,1009.6,25.5,79,3,NE,20,1007.1
,2021-01-4,20.4,27.7,0.6,3.2,1.2,W,80,15:25,22.3,92,8,NW,4,1006.6,25.7,77,7,E,9,1004.3
,2021-01-5,19.3,28.0,13.0,2.8,10.4,SSE,41,22:27,22.1,88,6,WNW,11,1008.9,25.2,72,4,E,19,1007.3
,2021-01-6,19.8,25.4,1.6,6.4,3.2,SSE,54,14:04,21.8,83,7,SSW,20,1014.6,23.9,68,5,SE,31,1014.9
,2021-01-7,18.4,23.5,1.8,9.2,8.0,SSE,57,23:55,21.9,60,5,SSE,24,1020.6,21.2,72,6,SE,20,1021.0
,2021-01-8,17.6,22.7,5.4,7.2,3.5,SSE,52,09:34,20.2,59,7,SSE,20,1023.6,22.2,61,7,SE,28,1023.1
,2021-01-9,16.7,26.7,0,6.0,12.0,ESE,35,10:19,21.7,66,4,SE,20,1022.9,26.5,54,1,ESE,17,1021.4
,2021-01-10,17.0,27.8,0,5.6,13.4,E,31,15:03,20.9,81,1,W,11,1021.2,27.2,58,1,E,24,1019.2
,2021-01-11,18.2,28.6,0,11.8,13.1,NE,43,17:17,21.5,77,3,NNW,4,1019.3,28.1,55,1,NE,22,1016.4
,2021-01-12,18.8,29.3,0,9.0,12.6,NE,41,16:41,23.1,74,6,E,7,1015.4,28.2,66,7,ENE,15,1013.1
,2021-01-13,20.9,29.8,0,10.0,12.6,NE,44,17:33,23.3,80,5,E,2,1017.9,29.5,58,1,ENE,22,1015.5
,2021-01-14,20.8,31.6,0,10.8,8.0,S,56,19:10,22.9,84,7,NE,9,1010.9,29.3,65,1,ENE,28,1006.0
,2021-01-15,20.6,28.1,0,10.4,9.0,WSW,48,22:53,21.9,80,7,SSW,15,1008.5,26.3,69,7,E,24,1002.5
,2021-01-16,17.3,27.0,0,10.6,13.2,W,52,00:10,19.1,36,0,W,24,1009.6,26.6,35,0,ESE,17,1008.0
,2021-01-17,16.3,27.1,0,9.0,11.8,ESE,43,13:08,20.3,48,0,W,20,1014.2,25.9,53,2,ESE,26,1013.9
,2021-01-18,18.4,30.1,0,9.6,12.9,E,35,15:14,22.3,78,1,NW,11,1014.7,30.0,56,1,NE,19,1010.2
,2021-01-19,21.1,25.2,0,8.6,0.8,SSE,54,09:45,23.0,79,5,SSE,24,1015.8,21.3,60,8,S,26,1018.7
,2021-01-20,17.0,23.1,1.2,8.2,2.4,SE,28,15:50,18.7,80,8,SSE,13,1023.5,22.1,58,7,SE,15,1022.2
,2021-01-21,15.2,28.2,0.2,4.8,13.3,NE,44,18:39,19.0,77,1,WNW,13,1020.3,27.7,50,1,E,28,1015.5
,2021-01-22,18.3,32.9,0,9.6,13.0,N,41,16:05,22.1,78,2,E,4,1011.5,30.9,56,1,E,17,1007.3
,2021-01-23,22.1,31.9,0,10.8,12.0,E,31,15:24,25.3,76,1,SSW,19,1012.7,30.5,61,1,E,17,1011.2
,2021-01-24,22.2,34.2,0,8.6,11.3,NNE,46,16:17,24.8,89,1,E,9,1012.5,32.7,50,2,NE,13,1009.2
,2021-01-25,21.9,32.3,0,13.0,12.4,NE,41,18:56,24.9,78,5,E,15,1009.4,30.5,58,1,ENE,15,1005.9
,2021-01-26,21.7,37.1,0,12.0,9.5,NNE,48,15:48,25.3,85,1,SE,6,1002.7,35.3,40,7,NE,22,999.2
,2021-01-27,21.3,23.5,0,12.0,0.2,SSE,54,07:24,22.5,85,8,S,28,1011.4,21.2,85,8,S,24,1014.3
,2021-01-28,18.6,22.5,19.0,4.4,0.0,SSE,46,17:15,20.5,88,8,SE,22,1020.7,21.7,75,8,ESE,30,1020.4
,2021-01-29,18.6,22.8,7.8,3.2,0.0,E,46,13:34,20.3,96,8,E,26,1018.5,20.5,99,8,E,28,1015.7
,2021-01-30,19.7,28.8,29.6,1.8,4.1,ENE,39,01:21,22.8,98,8,N,6,1012.3,26.8,83,6,NE,13,1010.3
,2021-01-31,21.8,23.4,0.4,7.4,0.0,SSE,50,11:12,23.2,86,8,S,26,1015.3,21.9,89,8,SSE,24,1016.6
,2021-03-1,19.8,30.8,0.2,6.4,9.5,SSW,54,22:36,21.5,95,7,W,9,1010.7,30.1,69,1,ENE,22,1005.7
,2021-03-2,20.1,24.7,0,8.2,7.7,SSW,48,23:41,21.4,78,5,SW,9,1011.5,22.0,57,5,SSE,26,1012.3
,2021-03-3,18.1,23.5,0.6,7.6,7.9,S,44,08:23,19.0,69,8,S,20,1015.7,22.9,59,3,SE,20,1015.2
,2021-03-4,16.0,28.7,0.4,6.8,11.3,ENE,33,15:40,17.8,81,1,WNW,15,1015.1,28.2,56,2,ENE,22,1009.3
,2021-03-5,17.8,25.0,0.2,8.0,10.2,SSE,52,10:52,20.1,75,1,WSW,9,1007.4,24.2,52,2,SSE,31,1008.7
,2021-03-6,17.9,24.8,0,8.4,9.3,SSE,37,16:58,19.9,55,7,S,15,1012.9,22.9,48,1,S,17,1012.3
,2021-03-7,16.1,27.3,0,7.0,9.5,NE,37,17:11,18.0,75,4,W,15,1015.7,26.6,59,5,E,24,1012.3
,2021-03-8,18.0,31.2,0,7.6,4.9,WNW,46,16:18,20.9,87,7,WNW,9,1011.9,28.5,56,7,NNW,11,1007.9
,2021-03-9,19.6,28.8,0,6.2,8.4,SSE,39,12:56,21.8,78,7,WNW,17,1011.4,28.3,63,5,SE,24,1012.1
,2021-03-10,20.4,27.9,0,6.6,3.6,ENE,33,19:28,21.8,76,5,SE,13,1020.6,27.1,61,6,E,22,1020.0
,2021-03-11,20.0,28.1,0.2,4.2,3.9,E,43,13:02,21.4,91,7,NNE,6,1021.9,24.9,69,7,ENE,24,1019.9
,2021-03-12,21.4,27.4,1.8,7.8,2.1,NE,44,17:22,22.6,83,7,NNW,9,1018.3,25.5,74,7,ENE,17,1015.6
,2021-03-13,20.4,29.4,25.6,0.6,10.2,NNE,46,16:56,20.9,99,3,W,7,1015.0,26.8,74,5,ENE,11,1010.2
,2021-03-14,19.3,19.3,22.8,10.0,0.0,S,57,10:38,19.3,98,8,SSW,24,1012.8,16.7,89,8,SSW,28,1015.8
,2021-03-15,12.2,24.3,21.6,4.0,10.8,SSW,41,09:23,14.0,85,1,W,19,1022.1,23.4,57,1,SSE,20,1021.6
,2021-03-16,14.0,21.2,0,6.6,0.3,ESE,46,20:54,17.1,76,8,W,9,1025.7,20.1,85,8,W,6,1023.9
,2021-03-17,17.1,23.8,13.6,2.4,1.1,ESE,52,15:24,19.9,77,7,SE,24,1025.5,21.9,71,7,ESE,33,1024.0
,2021-03-18,18.0,21.5,9.8,6.2,0.0,ESE,57,21:14,21.4,78,8,ESE,41,1024.3,19.5,98,8,E,13,1024.1
,2021-03-19,17.3,25.7,54.4,3.4,1.3,ESE,57,22:52,21.4,78,8,ESE,28,1025.6,22.9,73,7,ESE,28,1024.9
,2021-03-20,18.3,21.8,47.6,2.8,0.0,ENE,78,16:10,19.6,100,8,ESE,26,1022.5,19.1,100,8,E,31,1021.1
,2021-03-21,19.0,20.3,110.4,,0.0,E,70,06:47,19.4,94,8,E,44,1024.8,19.1,88,8,ENE,22,1024.1
,2021-03-22,18.0,19.9,28.4,4.6,0.0,E,44,23:12,18.0,99,8,NNE,22,1023.1,18.9,99,8,ENE,17,1019.6
,2021-03-23,17.2,20.4,46.8,0.4,0.0,NE,59,07:49,18.5,100,8,NE,31,1008.5,19.2,100,8,NNE,24,1000.9
,2021-03-24,17.7,29.2,19.4,1.8,10.7,WNW,46,14:15,20.4,85,1,WNW,15,998.7,29.0,44,4,WNW,26,997.7
,2021-03-25,17.1,29.1,0,6.6,9.0,W,33,20:26,18.9,78,7,SSW,2,1003.4,24.0,62,6,E,13,1003.3
,2021-03-26,15.2,26.3,2.0,6.6,10.3,W,26,23:01,16.8,82,1,WNW,19,1013.7,25.4,57,2,ESE,19,1011.8
,2021-03-27,16.6,28.5,0.2,4.6,9.8,W,28,05:27,17.8,92,1,WNW,17,1013.8,28.0,33,3,W,6,1011.2
,2021-03-28,16.7,27.0,0,6.8,10.6,ESE,31,13:24,17.7,87,1,WNW,13,1017.6,24.4,54,1,SE,20,1015.6
,2021-03-29,15.7,26.7,0,6.0,10.5,ESE,26,15:12,17.1,89,1,WNW,15,1020.2,25.9,56,2,ESE,20,1018.7
,2021-03-30,16.2,23.3,4.2,7.2,7.1,S,39,16:33,17.4,74,7,SSW,17,1023.8,22.4,49,7,S,20,1022.6
,2021-03-31,14.4,24.6,7.2,6.2,8.9,SSW,43,11:21,15.5,84,7,W,20,1024.4,23.8,48,1,S,19,1022.9
,2021-02-1,20.7,28.9,0.8,0.4,6.8,NNE,44,17:26,22.1,86,7,S,7,1016.1,28.3,68,1,ESE,17,1012.3
,2021-02-2,17.5,25.8,17.4,7.6,5.9,SSW,43,04:49,19.1,87,7,SW,17,1010.5,23.2,60,2,SE,24,1010.5
,2021-02-3,17.5,25.8,5.0,7.8,9.3,S,31,09:10,19.4,72,1,SSW,15,1013.7,24.7,56,5,ESE,17,1012.6
,2021-02-4,17.9,28.9,0,6.8,10.1,NE,48,13:58,21.5,88,6, ,Calm,1013.4,27.7,62,5,NE,30,1010.0
,2021-02-5,20.8,28.3,0,8.4,11.2,NE,54,12:25,23.5,84,2,NE,17,1012.1,28.1,71,2,NE,33,1009.0
,2021-02-6,21.4,24.6,0,9.0,1.1,NE,37,23:06,23.6,83,8,NE,11,1004.8,23.1,95,8,NE,13,1002.9
,2021-02-7,19.4,28.8,1.4,3.4,11.2,SE,43,15:06,21.0,88,2,WNW,15,1006.4,27.3,60,5,ESE,22,1006.8
,2021-02-8,20.1,24.2,0.2,8.6,3.6,SSE,37,08:18,20.9,79,6,SE,22,1014.0,22.9,64,7,S,20,1013.6
,2021-02-9,19.1,25.8,0,5.4,6.5,SE,37,13:00,21.6,63,7,SE,17,1017.7,23.5,58,4,SSE,20,1016.7
,2021-02-10,16.6,27.1,2.4,6.4,9.9,SSE,30,00:17,18.7,93,5,WNW,11,1017.7,26.7,55,4,ESE,15,1015.5
,2021-02-11,17.8,27.9,0.2,9.2,11.9,NNE,46,19:36,20.4,76,1,NW,9,1015.3,27.6,54,1,ENE,28,1011.8
,2021-02-12,18.9,33.2,0,11.0,4.6,NNE,50,23:37,21.2,71,8,ENE,7,1008.8,31.6,49,6,N,22,1005.0
,2021-02-13,20.2,20.6,15.4,7.4,0.0,SSE,46,10:42,20.3,99,8,SSW,19,1007.6,20.2,93,8,SSE,26,1009.9
,2021-02-14,16.8,25.3,14.4,2.0,11.1,SSE,48,13:14,19.0,92,3,SSW,19,1016.1,23.4,59,4,S,22,1015.8
,2021-02-15,18.6,24.0,0,8.0,4.1,S,70,16:53,20.5,63,7,S,22,1018.9,23.0,62,6,SSW,37,1018.6
,2021-02-16,19.0,27.5,7.8,5.2,8.7,SE,37,12:32,21.8,88,7,ESE,19,1021.5,26.0,65,5,ESE,22,1021.6
,2021-02-17,18.8,27.0,9.2,7.8,7.0,ESE,39,13:53,21.3,74,7,SE,20,1023.9,23.9,64,6,ESE,33,1023.8
,2021-02-18,19.5,25.6,0,6.4,5.2,ESE,39,10:24,22.3,61,1,ESE,20,1024.8,23.1,81,7,ESE,2,1023.6
,2021-02-19,20.4,29.7,7.0,6.4,9.7,E,43,23:19,23.7,82,6,E,22,1021.7,26.9,68,5,E,15,1018.5
,2021-02-20,20.2,29.3,0,6.2,10.7,E,26,14:57,22.5,98,7,WNW,4,1016.7,28.9,72,1,E,13,1013.5
,2021-02-21,21.4,29.2,0,5.4,11.5,ESE,33,14:49,23.2,91,6,SW,6,1011.5,27.7,64,3,SE,19,1008.8
,2021-02-22,20.1,29.5,0,5.6,10.7,SSW,57,20:16,22.0,91,1,WNW,15,1006.8,29.0,63,1,SSE,28,1005.4
,2021-02-23,19.8,21.4,0,8.4,0.0,S,48,16:24,21.3,67,7,SSE,22,1012.5,20.8,60,7,S,26,1014.2
,2021-02-24,16.5,21.9,30.2,5.6,2.2,SE,41,23:15,18.1,99,6,SW,13,1018.0,19.8,94,7,S,19,1016.4
,2021-02-25,17.9,25.8,4.6,2.0,0.9,E,20,14:48,18.6,97,7,WNW,9,1011.4,23.2,88,8,ESE,7,1010.4
,2021-02-26,17.8,28.0,4.2,1.2,10.7,ESE,39,16:06,20.9,95,1,SSW,11,1010.2,27.8,60,1,ESE,22,1009.5
,2021-02-27,20.1,23.2,0.2,7.6,0.0,ESE,22,23:11,20.1,90,8,N,2,1014.6,22.5,90,8,ENE,13,1012.4
,2021-02-28,19.8,28.9,0.2,2.8,10.9,SSW,28,07:17,22.2,88,6,SSW,17,1012.7,28.3,62,1,ESE,19,1010.8
